Series,Experiment,Source,Target,Complete,Parent,Source 1,Target 1,Source 2,Target 2,Best steps,Best BLEU ALL,Best CHRF3 ALL,Best WER ALL,Best TER ALL,Best spBLEU ALL,Last steps,Last BLEU ALL,Last CHRF3 ALL,Last WER ALL,Last TER ALL,Last spBLEU ALL
Afro-Asiatic,Overall.Run1,hau,daa,True,facebook/nllb-200-distilled-600M,hau-hausa,daa-daaNT,,,19000,31.10,53.04,51.62,66.47,39.47,23000,30.91,53.23,51.89,67.46,39.20
Afro-Asiatic,Overall.Run2,hau,daa,True,facebook/nllb-200-distilled-600M,hau-hausa,daa-daaNT,,,15000,27.97,50.57,54.25,70.52,36.42,16000,28.10,50.40,54.12,70.35,36.56
Afro-Asiatic,Overall.Run3,hau,daa,True,facebook/nllb-200-distilled-600M,hau-hausa,daa-daaNT,,,10000,29.76,52.46,51.62,67.49,38.40,14000,29.85,52.30,52.02,67.30,38.29
Afro-Asiatic,Overall.Run4,hau,daa,True,facebook/nllb-200-distilled-600M,hau-hausa,daa-daaNT,,,19000,31.42,53.22,50.77,66.64,40.29,23000,30.77,52.54,50.23,66.51,39.66
Afro-Asiatic,Overall.Run5,hau,daa,True,facebook/nllb-200-distilled-600M,hau-hausa,daa-daaNT,,,20000,29.87,51.00,52.34,67.24,38.01,24000,29.39,50.98,53.40,68.44,37.61
Afro-Asiatic,PartialNT.Scenario1,hau,daa,True,facebook/nllb-200-distilled-600M,hau-hausa,daa-daaNT,,,7000,14.72,36.27,64.13,83.71,21.08,11000,15.09,36.23,62.52,81.54,21.76
Afro-Asiatic,PartialNT.Scenario2,hau,daa,True,facebook/nllb-200-distilled-600M,hau-hausa,daa-daaNT,,,15000,13.87,38.31,63.09,82.10,22.33,19000,13.81,38.64,63.72,82.92,22.58
Afro-Asiatic,PartialNT.Scenario3,hau,daa,True,facebook/nllb-200-distilled-600M,hau-hausa,daa-daaNT,,,10000,17.41,43.49,62.17,81.20,26.89,14000,17.14,44.00,64.17,83.06,26.47
Afro-Asiatic,RelatedLanguage.PartialNT.Scenario1.PeekAhead,hau,daa,True,facebook/nllb-200-distilled-600M,hau-hausa,daa-daaNT,hau-hausa,fuh-fuhbkf,12000,13.46,34.76,67.57,87.87,18.73,15000,13.78,34.97,66.42,86.13,19.33
Afro-Asiatic,RelatedLanguage.PartialNT.Scenario2.PeekAhead,hau,daa,True,facebook/nllb-200-distilled-600M,hau-hausa,daa-daaNT,hau-hausa,fuh-fuhbkf,12000,13.02,37.63,65.62,85.32,21.09,15000,13.20,37.96,65.85,85.55,21.27
Afro-Asiatic,RelatedLanguage.PartialNT.Scenario3.PeekAhead,hau,daa,True,facebook/nllb-200-distilled-600M,hau-hausa,daa-daaNT,hau-hausa,fuh-fuhbkf,25000,17.76,44.01,61.92,80.65,27.00,29000,17.18,43.94,63.32,82.43,26.29
Afro-Asiatic,RelatedLanguage2.PartialNT.Scenario1.PeekAhead,hau,daa,True,facebook/nllb-200-distilled-600M,hau-hausa,daa-daaNT,hau-hausa,ffm-ffm,20000,13.97,34.71,65.09,84.60,20.08,24000,14.09,35.12,66.18,85.68,19.80
Afro-Asiatic,RelatedLanguage2.PartialNT.Scenario2.PeekAhead,hau,daa,True,facebook/nllb-200-distilled-600M,hau-hausa,daa-daaNT,hau-hausa,ffm-ffm,18000,12.98,38.54,66.76,86.48,21.13,,,,,,
Afro-Asiatic,RelatedLanguage2.PartialNT.Scenario3.PeekAhead,hau,daa,True,facebook/nllb-200-distilled-600M,hau-hausa,daa-daaNT,hau-hausa,ffm-ffm,28000,17.46,43.35,61.43,80.59,26.85,29000,17.29,43.59,62.01,81.00,26.72
Austronesian,Overall.Run1,ksd,kqw,True,facebook/nllb-200-distilled-600M,ksd-ksd,kqw-kqw,,,17000,36.34,54.17,49.44,61.95,40.24,21000,36.47,53.90,49.94,61.81,40.20
Austronesian,Overall.Run2,ksd,kqw,True,facebook/nllb-200-distilled-600M,ksd-ksd,kqw-kqw,,,20000,35.02,53.06,48.11,61.01,38.68,21000,34.97,53.50,49.42,62.39,38.99
Austronesian,Overall.Run3,ksd,kqw,True,facebook/nllb-200-distilled-600M,ksd-ksd,kqw-kqw,,,30000,36.84,54.43,46.23,59.73,40.46,34000,36.97,54.68,46.13,58.81,40.77
Austronesian,Overall.Run4,ksd,kqw,True,facebook/nllb-200-distilled-600M,ksd-ksd,kqw-kqw,,,8000,34.03,53.26,50.33,63.64,37.82,12000,33.29,53.56,51.83,65.39,37.14
Austronesian,Overall.Run5,ksd,kqw,True,facebook/nllb-200-distilled-600M,ksd-ksd,kqw-kqw,,,13000,35.14,54.16,49.07,62.03,39.38,17000,36.22,54.63,48.22,60.52,40.17
Austronesian,PartialNT.Scenario1,ksd,kqw,True,facebook/nllb-200-distilled-600M,ksd-ksd,kqw-kqw,,,17000,20.90,43.20,62.97,79.23,23.49,,,,,,
Austronesian,PartialNT.Scenario2,ksd,kqw,True,facebook/nllb-200-distilled-600M,ksd-ksd,kqw-kqw,,,16000,20.80,43.45,61.89,77.17,24.95,,,,,,
Austronesian,PartialNT.Scenario3,ksd,kqw,True,facebook/nllb-200-distilled-600M,ksd-ksd,kqw-kqw,,,19000,26.13,47.69,56.82,70.11,30.43,,,,,,
Austronesian,RelatedLanguage.PartialNT.Scenario1.PeekAhead,ksd,kqw,True,facebook/nllb-200-distilled-600M,ksd-ksd,kqw-kqw,ksd-ksd,rai-rai,15000,24.06,45.28,58.30,74.38,26.83,19000,25.17,45.14,55.94,71.88,28.00
Austronesian,RelatedLanguage.PartialNT.Scenario2.PeekAhead,ksd,kqw,True,facebook/nllb-200-distilled-600M,ksd-ksd,kqw-kqw,ksd-ksd,rai-rai,32000,22.52,44.52,57.94,72.64,26.52,36000,22.81,44.58,57.13,71.71,26.80
Austronesian,RelatedLanguage.PartialNT.Scenario3.PeekAhead,ksd,kqw,True,facebook/nllb-200-distilled-600M,ksd-ksd,kqw-kqw,ksd-ksd,rai-rai,27000,36.00,54.46,48.00,59.31,39.73,29000,36.53,54.90,47.33,58.24,40.37
Austronesian,RelatedLanguage2.PartialNT.Scenario1.PeekAhead,ksd,kqw,True,facebook/nllb-200-distilled-600M,ksd-ksd,kqw-kqw,ksd-ksd,gfk-gfk,9000,21.07,42.55,61.16,77.91,23.72,13000,21.31,42.64,60.91,77.71,23.98
Austronesian,RelatedLanguage2.PartialNT.Scenario2.PeekAhead,ksd,kqw,True,facebook/nllb-200-distilled-600M,ksd-ksd,kqw-kqw,ksd-ksd,gfk-gfk,14000,20.68,42.80,61.03,76.38,24.52,18000,21.12,43.10,59.40,74.35,24.99
Austronesian,RelatedLanguage2.PartialNT.Scenario3.PeekAhead,ksd,kqw,True,facebook/nllb-200-distilled-600M,ksd-ksd,kqw-kqw,ksd-ksd,gfk-gfk,20000,28.31,49.42,54.12,66.87,32.53,24000,28.69,49.60,53.85,66.53,32.84
Austronesian,RelatedLanguage3.PartialNT.Scenario1.PeekAhead,ksd,kqw,False,facebook/nllb-200-distilled-600M,ksd-ksd,kqw-kqw,ksd-ksd,lbb-lbb,,,,,,,,,,,,
Austronesian,RelatedLanguage3.PartialNT.Scenario2.PeekAhead,ksd,kqw,True,facebook/nllb-200-distilled-600M,ksd-ksd,kqw-kqw,ksd-ksd,lbb-lbb,15000,21.51,43.51,60.26,75.33,25.44,19000,21.57,43.26,57.28,71.72,25.45
Austronesian,RelatedLanguage3.PartialNT.Scenario3.PeekAhead,ksd,kqw,False,facebook/nllb-200-distilled-600M,ksd-ksd,kqw-kqw,ksd-ksd,lbb-lbb,,,,,,,,,,,,
Austronesian,SourceText.Greek.Scenario1,grc,kqw,True,facebook/nllb-200-distilled-600M,grc-grcsbl,kqw-kqw,,,12000,22.17,41.39,61.26,76.63,24.64,16000,22.27,41.34,61.37,76.53,24.75
Austronesian,SourceText.Greek.Scenario2,grc,kqw,True,facebook/nllb-200-distilled-600M,grc-grcsbl,kqw-kqw,,,10000,24.61,45.85,57.81,71.81,28.52,14000,24.70,45.73,57.31,71.29,28.60
Austronesian,SourceText.Greek.Scenario3,grc,kqw,True,facebook/nllb-200-distilled-600M,grc-grcsbl,kqw-kqw,,,21000,32.30,52.80,52.15,63.49,36.78,25000,32.25,52.60,51.72,63.59,36.74
Dravidian,NewToOld.Scenario1,tam,mal,True,facebook/nllb-200-distilled-600M,tam-tam2017,mal-mal,,,5000,8.43,46.82,58.66,85.80,23.57,9000,8.17,46.61,58.54,86.28,23.12
Dravidian,NewToOld.Scenario2,tam,mal,True,facebook/nllb-200-distilled-600M,tam-tam2017,mal-mal,,,11000,16.06,54.44,50.46,74.87,33.95,15000,15.92,54.32,50.75,75.38,33.75
Dravidian,Overall.Run1,tam,mal,True,facebook/nllb-200-distilled-600M,tam-tam2017,mal-mal,,,17000,21.74,59.53,46.64,69.73,40.01,21000,21.91,59.34,45.96,68.44,40.91
Dravidian,Overall.Run1.NLLB-distilled-1.3B,tam,mal,True,facebook/nllb-200-distilled-1.3B,tam-tam2017,mal-mal,,,12000,24.88,62.67,43.93,65.55,44.24,16000,25.73,62.58,44.00,64.68,44.72
Dravidian,Overall.Run1.NMT.1-1,tam,mal,True,SILTransformerBase,tam-tam2017,mal-mal,,,8000,12.75,45.43,56.90,79.10,26.44,,,,,,
Dravidian,Overall.Run2,tam,mal,True,facebook/nllb-200-distilled-600M,tam-tam2017,mal-mal,,,9000,20.02,57.95,48.01,68.60,39.14,13000,20.65,58.54,48.61,69.27,40.09
Dravidian,Overall.Run2.NMT.1-1,tam,mal,True,SILTransformerBase,tam-tam2017,mal-mal,,,21000,11.15,46.91,56.27,78.97,27.83,22000,11.17,45.74,57.34,79.03,26.97
Dravidian,Overall.Run3,tam,mal,True,facebook/nllb-200-distilled-600M,tam-tam2017,mal-mal,,,12000,21.10,58.20,47.03,68.28,38.49,16000,21.70,58.39,46.96,67.54,39.53
Dravidian,Overall.Run3.NMT.1-1,tam,mal,True,SILTransformerBase,tam-tam2017,mal-mal,,,17000,13.34,46.94,55.47,77.21,27.98,21000,14.90,48.00,54.01,74.84,29.70
Dravidian,Overall.Run4,tam,mal,True,facebook/nllb-200-distilled-600M,tam-tam2017,mal-mal,,,10000,21.82,58.63,47.65,70.21,39.81,14000,21.64,58.23,48.23,71.49,39.71
Dravidian,Overall.Run4.NMT.1-1,tam,mal,True,SILTransformerBase,tam-tam2017,mal-mal,,,14000,14.46,47.23,56.80,79.15,28.82,18000,14.31,47.08,56.10,77.87,28.96
Dravidian,Overall.Run5,tam,mal,True,facebook/nllb-200-distilled-600M,tam-tam2017,mal-mal,,,15000,21.90,58.09,45.74,68.27,40.64,16000,22.16,58.47,47.25,69.24,40.80
Dravidian,Overall.Run5.NMT.1-1,tam,mal,True,SILTransformerBase,tam-tam2017,mal-mal,,,13000,14.31,47.21,54.65,77.69,29.28,17000,14.98,48.22,54.52,76.99,30.47
Dravidian,PartialNT.Scenario1,tam,mal,True,facebook/nllb-200-distilled-600M,tam-tam2017,mal-mal,,,3000,12.61,51.74,55.02,80.36,27.15,7000,11.04,49.01,58.00,82.89,23.29
Dravidian,PartialNT.Scenario2,tam,mal,True,facebook/nllb-200-distilled-600M,tam-tam2017,mal-mal,,,6000,10.40,50.63,57.20,83.56,25.68,10000,10.25,50.31,56.97,83.35,25.13
Dravidian,PartialNT.Scenario3,tam,mal,True,facebook/nllb-200-distilled-600M,tam-tam2017,mal-mal,,,2000,13.28,53.93,53.58,78.84,30.73,6000,13.18,53.55,54.24,78.94,30.25
Dravidian,RelatedLanguage.PartialNT.Scenario1.PeekAhead,tam,mal,True,facebook/nllb-200-distilled-600M,tam-tam2017,mal-mal,tam-tam2017,kan-kan2017,3000,13.59,52.48,52.80,77.86,28.60,7000,12.40,50.67,54.58,79.84,26.15
Dravidian,RelatedLanguage.PartialNT.Scenario2.PeekAhead,tam,mal,True,facebook/nllb-200-distilled-600M,tam-tam2017,mal-mal,tam-tam2017,kan-kan2017,5000,10.97,51.06,56.84,83.02,26.53,9000,10.18,50.46,58.02,84.18,25.49
Dravidian,RelatedLanguage.PartialNT.Scenario3.PeekAhead,tam,mal,True,facebook/nllb-200-distilled-600M,tam-tam2017,mal-mal,tam-tam2017,kan-kan2017,3000,13.76,54.47,52.45,77.15,31.25,7000,13.51,54.23,53.92,78.56,31.00
Dravidian,RelatedLanguage2.PartialNT.Scenario1.PeekAhead,tam,mal,True,facebook/nllb-200-distilled-600M,tam-tam2017,mal-mal,tam-tam2017,mal-malc,2000,9.10,49.96,58.96,84.00,22.43,6000,7.74,48.59,62.47,87.10,19.97
Dravidian,RelatedLanguage2.PartialNT.Scenario2.PeekAhead,tam,mal,True,facebook/nllb-200-distilled-600M,tam-tam2017,mal-mal,tam-tam2017,mal-malc,3000,9.17,49.85,59.51,85.47,23.74,7000,7.86,48.71,61.98,87.31,21.65
Dravidian,RelatedLanguage2.PartialNT.Scenario3.PeekAhead,tam,mal,True,facebook/nllb-200-distilled-600M,tam-tam2017,mal-mal,tam-tam2017,mal-malc,3000,10.81,53.15,54.07,79.06,27.87,7000,7.52,50.80,59.84,85.84,23.04
Dravidian,SourceText.Greek.Scenario1,grc,mal,True,facebook/nllb-200-distilled-600M,grc-grcsbl,mal-mal,,,2000,9.82,46.56,63.25,87.57,22.28,6000,8.89,44.03,63.68,87.27,19.87
Dravidian,SourceText.Greek.Scenario2,grc,mal,True,facebook/nllb-200-distilled-600M,grc-grcsbl,mal-mal,,,11000,8.16,46.60,62.59,88.00,21.46,15000,8.27,46.50,62.54,87.48,21.31
Dravidian,SourceText.Greek.Scenario3,grc,mal,True,facebook/nllb-200-distilled-600M,grc-grcsbl,mal-mal,,,9000,11.05,52.06,57.68,82.60,27.47,13000,11.08,51.73,56.75,81.77,27.71
Indo-European,NewToOld.Scenario1,hin,pan,True,facebook/nllb-200-distilled-600M,hin-hin2017,pan-pan,,,8000,18.54,44.75,51.73,67.54,27.48,,,,,,
Indo-European,NewToOld.Scenario2,hin,pan,True,facebook/nllb-200-distilled-600M,hin-hin2017,pan-pan,,,12000,26.00,51.27,48.29,62.00,35.13,,,,,,
Indo-European,Overall.Run1,hin,pan,True,facebook/nllb-200-distilled-600M,hin-hin2017,pan-pan,,,14000,30.27,55.73,43.86,56.25,40.37,18000,30.68,56.17,43.18,55.69,40.82
Indo-European,Overall.Run2,hin,pan,True,facebook/nllb-200-distilled-600M,hin-hin2017,pan-pan,,,7000,32.12,56.04,41.71,53.87,41.93,11000,31.94,55.75,42.92,54.77,41.71
Indo-European,Overall.Run3,hin,pan,True,facebook/nllb-200-distilled-600M,hin-hin2017,pan-pan,,,16000,30.51,54.38,42.45,55.75,39.65,,,,,,
Indo-European,Overall.Run4,hin,pan,True,facebook/nllb-200-distilled-600M,hin-hin2017,pan-pan,,,12000,32.20,56.14,41.95,54.53,41.94,16000,30.80,55.92,42.45,55.55,41.07
Indo-European,Overall.Run5,hin,pan,True,facebook/nllb-200-distilled-600M,hin-hin2017,pan-pan,,,12000,30.19,55.43,44.21,57.44,39.77,,,,,,
Indo-European,PartialNT.Scenario1,hin,pan,True,facebook/nllb-200-distilled-600M,hin-hin2017,pan-pan,,,4000,25.20,50.29,44.91,59.38,31.70,8000,23.81,48.90,45.59,60.33,29.76
Indo-European,PartialNT.Scenario2,hin,pan,True,facebook/nllb-200-distilled-600M,hin-hin2017,pan-pan,,,7000,24.81,51.46,45.76,59.83,32.26,11000,24.68,51.20,45.55,59.60,31.95
Indo-European,PartialNT.Scenario3,hin,pan,True,facebook/nllb-200-distilled-600M,hin-hin2017,pan-pan,,,9000,29.53,55.13,40.04,53.33,38.14,13000,29.09,54.94,40.53,53.81,37.90
Indo-European,RelatedLanguage.PartialNT.Scenario1.PeekAhead,hin,pan,True,facebook/nllb-200-distilled-600M,hin-hin2017,pan-pan,hin-hin2017,guj-guj2017,2000,26.10,51.65,45.04,59.24,33.56,6000,24.30,50.05,46.42,60.96,31.31
Indo-European,RelatedLanguage.PartialNT.Scenario2.PeekAhead,hin,pan,True,facebook/nllb-200-distilled-600M,hin-hin2017,pan-pan,hin-hin2017,guj-guj2017,15000,24.63,50.68,45.90,59.42,31.53,19000,24.23,50.60,46.43,60.02,31.30
Indo-European,RelatedLanguage.PartialNT.Scenario3.PeekAhead,hin,pan,True,facebook/nllb-200-distilled-600M,hin-hin2017,pan-pan,hin-hin2017,guj-guj2017,8000,28.73,54.79,41.34,54.48,37.85,12000,27.60,54.36,42.27,55.97,36.99
Indo-European,RelatedLanguage2.PartialNT.Scenario1.PeekAhead,hin,pan,True,facebook/nllb-200-distilled-600M,hin-hin2017,pan-pan,hin-hin2017,urd-urd,3000,26.08,51.35,44.53,58.59,33.39,7000,25.07,50.11,45.34,59.58,31.74
Indo-European,RelatedLanguage2.PartialNT.Scenario2.PeekAhead,hin,pan,True,facebook/nllb-200-distilled-600M,hin-hin2017,pan-pan,hin-hin2017,urd-urd,9000,25.33,51.86,45.70,59.28,32.78,13000,25.17,51.58,45.02,58.95,32.43
Indo-European,RelatedLanguage2.PartialNT.Scenario3.PeekAhead,hin,pan,True,facebook/nllb-200-distilled-600M,hin-hin2017,pan-pan,hin-hin2017,urd-urd,8000,30.33,55.81,40.14,53.14,39.12,11000,29.88,55.35,40.41,53.58,38.51
Indo-European,SourceText.Greek.Scenario1,grc,pan,True,facebook/nllb-200-distilled-600M,grc-grcsbl,pan-pan,,,3000,17.80,42.23,56.16,72.17,23.62,5000,17.43,41.56,55.91,72.03,22.72
Indo-European,SourceText.Greek.Scenario2,grc,pan,True,facebook/nllb-200-distilled-600M,grc-grcsbl,pan-pan,,,8000,18.05,44.12,54.99,69.97,24.34,12000,18.12,44.15,54.45,69.50,24.32
Indo-European,SourceText.Greek.Scenario3,grc,pan,True,facebook/nllb-200-distilled-600M,grc-grcsbl,pan-pan,,,5000,24.12,50.55,47.55,61.77,32.60,9000,24.18,50.36,47.29,61.63,32.53
Niger-Congo,NewToOld.Scenario1,swh,cwe,True,facebook/nllb-200-distilled-600M,swh-swhonen,cwe-cwe,,,11000,15.42,48.96,56.70,80.35,23.42,15000,15.11,49.02,57.60,81.24,23.07
Niger-Congo,Overall.Run1,eBible/swh,eBible/cwe,True,facebook/nllb-200-distilled-600M,eBible/swh-swhonen,eBible/cwe-cwe,,,18000,28.25,60.48,43.63,65.23,37.86,,,,,,
Niger-Congo,Overall.Run1.NLLB-distilled-1.3B,swh,cwe,True,facebook/nllb-200-distilled-1.3B,swh-swhonen,cwe-cwe,,,15000,29.88,62.23,41.70,63.10,40.02,19000,30.94,62.56,40.19,61.50,41.04
Niger-Congo,Overall.Run1.NMT.1-1,swh,cwe,True,SILTransformerBase,swh-swhonen,cwe-cwe,,,9000,16.63,45.19,55.22,78.61,24.30,11000,15.49,44.30,55.17,78.66,22.61
Niger-Congo,Overall.Run2,eBible/swh,eBible/cwe,True,facebook/nllb-200-distilled-600M,eBible/swh-swhonen,eBible/cwe-cwe,,,22000,30.55,60.62,43.94,63.73,39.23,24000,31.00,60.91,43.03,62.76,39.84
Niger-Congo,Overall.Run2.NMT.1-1,swh,cwe,True,SILTransformerBase,swh-swhonen,cwe-cwe,,,11000,15.69,45.04,54.97,77.99,23.68,15000,15.69,44.91,54.84,77.61,23.81
Niger-Congo,Overall.Run3,eBible/swh,eBible/cwe,True,facebook/nllb-200-distilled-600M,eBible/swh-swhonen,eBible/cwe-cwe,,,7000,29.01,60.42,44.26,65.11,38.54,11000,29.01,61.32,44.09,66.31,38.19
Niger-Congo,Overall.Run3.NMT.1-1,swh,cwe,True,SILTransformerBase,swh-swhonen,cwe-cwe,,,8000,16.49,44.52,55.16,77.48,23.54,12000,17.11,46.11,54.32,76.84,24.94
Niger-Congo,Overall.Run4,eBible/swh,eBible/cwe,True,facebook/nllb-200-distilled-600M,eBible/swh-swhonen,eBible/cwe-cwe,,,13000,28.79,59.57,43.75,65.45,37.80,,,,,,
Niger-Congo,Overall.Run4.NMT.1-1,swh,cwe,True,SILTransformerBase,swh-swhonen,cwe-cwe,,,12000,16.65,45.80,55.25,77.90,24.54,16000,17.09,45.99,55.06,77.30,24.53
Niger-Congo,Overall.Run5,eBible/swh,eBible/cwe,True,facebook/nllb-200-distilled-600M,eBible/swh-swhonen,eBible/cwe-cwe,,,16000,27.98,59.42,45.31,66.85,37.42,20000,28.83,59.79,44.59,65.66,38.11
Niger-Congo,Overall.Run5.NMT.1-1,swh,cwe,True,SILTransformerBase,swh-swhonen,cwe-cwe,,,20000,17.83,46.55,54.46,77.32,25.52,21000,16.48,45.71,54.68,77.26,24.51
Niger-Congo,PartialNT.Scenario1,swh,cwe,True,facebook/nllb-200-distilled-600M,swh-swhonen,cwe-cwe,,,6000,15.38,46.93,54.03,79.31,21.96,10000,15.53,46.72,53.58,78.55,22.28
Niger-Congo,PartialNT.Scenario2,swh,cwe,True,facebook/nllb-200-distilled-600M,swh-swhonen,cwe-cwe,,,6000,16.48,48.92,54.07,76.81,24.71,10000,17.34,49.65,53.01,75.53,25.76
Niger-Congo,PartialNT.Scenario3,swh,cwe,True,facebook/nllb-200-distilled-600M,swh-swhonen,cwe-cwe,,,13000,21.96,54.95,49.35,70.65,31.14,17000,21.47,55.21,50.21,71.71,30.72
Niger-Congo,RelatedLanguage.PartialNT.Scenario1.All,swh,cwe,True,facebook/nllb-200-distilled-600M,swh-swhonen,cwe-cwe,swh-swhonen,vid-vid,17000,12.63,43.27,55.51,82.62,17.75,21000,12.56,43.59,55.85,83.14,17.69
Niger-Congo,RelatedLanguage.PartialNT.Scenario1.PeekAhead,swh,cwe,True,facebook/nllb-200-distilled-600M,swh-swhonen,cwe-cwe,swh-swhonen,vid-vid,13000,15.08,45.54,53.29,78.80,21.36,17000,15.17,45.70,53.25,78.76,21.53
Niger-Congo,RelatedLanguage.PartialNT.Scenario1.Same,swh,cwe,True,facebook/nllb-200-distilled-600M,swh-swhonen,cwe-cwe,swh-swhonen,vid-vid,6000,14.95,46.20,54.57,80.55,21.27,10000,15.41,46.46,53.68,78.94,21.95
Niger-Congo,RelatedLanguage.PartialNT.Scenario2.All,swh,cwe,True,facebook/nllb-200-distilled-600M,swh-swhonen,cwe-cwe,swh-swhonen,vid-vid,13000,17.72,50.83,53.19,76.16,25.45,20000,17.93,51.44,52.43,75.36,25.85
Niger-Congo,RelatedLanguage.PartialNT.Scenario2.PeekAhead,swh,cwe,True,facebook/nllb-200-distilled-600M,swh-swhonen,cwe-cwe,swh-swhonen,vid-vid,10000,16.50,49.74,55.53,78.74,24.38,14000,16.54,50.12,55.54,78.85,24.47
Niger-Congo,RelatedLanguage.PartialNT.Scenario2.Same,swh,cwe,True,facebook/nllb-200-distilled-600M,swh-swhonen,cwe-cwe,swh-swhonen,vid-vid,8000,16.36,48.55,54.89,77.73,24.09,12000,16.56,48.50,53.94,76.67,24.53
Niger-Congo,RelatedLanguage.PartialNT.Scenario3.All,swh,cwe,True,facebook/nllb-200-distilled-600M,swh-swhonen,cwe-cwe,swh-swhonen,vid-vid,12000,22.14,56.02,47.27,69.95,30.75,16000,22.83,56.40,46.71,69.01,31.60
Niger-Congo,RelatedLanguage.PartialNT.Scenario3.PeekAhead,swh,cwe,True,facebook/nllb-200-distilled-600M,swh-swhonen,cwe-cwe,swh-swhonen,vid-vid,10000,22.90,56.61,46.86,69.31,31.53,14000,23.18,57.02,46.14,68.38,31.97
Niger-Congo,RelatedLanguage.PartialNT.Scenario3.Same,swh,cwe,True,facebook/nllb-200-distilled-600M,swh-swhonen,cwe-cwe,swh-swhonen,vid-vid,16000,21.18,54.31,50.36,71.70,30.07,20000,20.86,54.38,50.57,72.44,29.98
Niger-Congo,RelatedLanguage2.PartialNT.Scenario1.PeekAhead,swh,cwe,True,facebook/nllb-200-distilled-600M,swh-swhonen,cwe-cwe,swh-swhonen,mwe-mwe,10000,14.55,44.98,54.94,80.34,20.76,14000,14.44,45.08,55.05,80.39,20.73
Niger-Congo,RelatedLanguage2.PartialNT.Scenario2.PeekAhead,swh,cwe,True,facebook/nllb-200-distilled-600M,swh-swhonen,cwe-cwe,swh-swhonen,mwe-mwe,9000,16.05,48.51,55.62,78.44,23.82,13000,16.34,48.72,54.59,77.32,24.31
Niger-Congo,RelatedLanguage2.PartialNT.Scenario3.PeekAhead,swh,cwe,True,facebook/nllb-200-distilled-600M,swh-swhonen,cwe-cwe,swh-swhonen,mwe-mwe,11000,20.58,54.07,49.72,72.68,29.38,13000,20.03,54.27,51.18,74.13,28.72
Niger-Congo,RelatedLanguage3.PartialNT.Scenario1.PeekAhead,swh,cwe,True,facebook/nllb-200-distilled-600M,swh-swhonen,cwe-cwe,swh-swhonen,reg-reg,9000,13.99,45.05,55.72,81.50,20.17,13000,14.34,45.18,55.71,80.89,20.53
Niger-Congo,RelatedLanguage3.PartialNT.Scenario2.PeekAhead,swh,cwe,True,facebook/nllb-200-distilled-600M,swh-swhonen,cwe-cwe,swh-swhonen,reg-reg,9000,15.47,47.92,56.51,79.59,23.07,10000,15.28,48.65,57.17,80.63,22.98
Niger-Congo,RelatedLanguage3.PartialNT.Scenario3.PeekAhead,swh,cwe,True,facebook/nllb-200-distilled-600M,swh-swhonen,cwe-cwe,swh-swhonen,reg-reg,10000,19.58,54.08,53.17,76.93,27.69,14000,19.71,53.73,52.91,76.32,28.00
Niger-Congo,RelatedLanguage4.PartialNT.Scenario2.PeekAhead,swh,cwe,True,facebook/nllb-200-distilled-600M,swh-swhonen,cwe-cwe,swh-swhonen,wbi-wbi,10000,16.25,47.79,54.78,77.30,23.97,14000,16.15,48.73,55.70,78.50,24.04
Niger-Congo,RelatedLanguage5.PartialNT.Scenario2.PeekAhead,swh,cwe,True,facebook/nllb-200-distilled-600M,swh-swhonen,cwe-cwe,swh-swhonen,kdc-kdc,8000,16.71,49.63,54.75,77.71,24.81,12000,16.97,49.79,53.89,76.54,25.41
Niger-Congo,RelatedLanguage6.PartialNT.Scenario2.PeekAhead,swh,cwe,True,facebook/nllb-200-distilled-600M,swh-swhonen,cwe-cwe,swh-swhonen,kde-kde,6000,15.88,48.48,56.17,79.45,23.40,10000,16.02,48.93,55.38,78.32,23.91
Niger-Congo,RelatedLanguage7.PartialNT.Scenario2.PeekAhead,swh,cwe,True,facebook/nllb-200-distilled-600M,swh-swhonen,cwe-cwe,swh-swhonen,kiz-kiz,5000,15.47,47.04,56.09,78.73,22.80,9000,15.33,48.23,56.49,79.47,23.02
Niger-Congo,RelatedLanguage8.PartialNT.Scenario2.PeekAhead,swh,cwe,True,facebook/nllb-200-distilled-600M,swh-swhonen,cwe-cwe,swh-swhonen,ndj-ndj,13000,16.63,49.53,54.66,77.58,24.57,17000,16.89,49.78,54.16,77.15,25.18
Niger-Congo,RelatedLanguage9.PartialNT.Scenario2.PeekAhead,swh,cwe,True,facebook/nllb-200-distilled-600M,swh-swhonen,cwe-cwe,swh-swhonen,poy-poy,6000,15.92,49.23,57.13,80.35,23.45,10000,16.27,49.82,56.46,79.47,24.12
Niger-Congo,SourceText.Greek.Scenario1,grc,cwe,True,facebook/nllb-200-distilled-600M,grc-grcsbl,cwe-cwe,,,10000,11.30,40.29,62.12,86.34,16.58,14000,11.08,39.70,61.65,85.74,16.47
Niger-Congo,SourceText.Greek.Scenario2,grc,cwe,True,facebook/nllb-200-distilled-600M,grc-grcsbl,cwe-cwe,,,13000,13.54,44.51,59.21,82.01,20.64,17000,13.70,44.49,59.00,81.67,20.79
Niger-Congo,SourceText.Greek.Scenario3,grc,cwe,True,facebook/nllb-200-distilled-600M,grc-grcsbl,cwe-cwe,,,11000,17.96,51.18,54.82,78.20,25.95,15000,18.69,51.49,53.87,76.48,26.66
Otomanguean,NewToOld.Scenario1,spa,zat,True,facebook/nllb-200-distilled-600M,spa-sparvg,zat-zatNTps,,,7000,16.24,45.94,61.70,82.79,30.98,10000,15.07,47.02,67.44,89.44,28.98
Otomanguean,Overall.Run1,spa,zat,True,facebook/nllb-200-distilled-600M,spa-sparvg,zat-zatNTps,,,14000,29.38,58.66,51.00,68.16,45.75,16000,29.05,58.88,51.59,68.94,45.36
Otomanguean,Overall.Run2,spa,zat,True,facebook/nllb-200-distilled-600M,spa-sparvg,zat-zatNTps,,,10000,27.88,56.98,50.93,68.14,44.45,14000,27.20,56.64,52.06,69.87,43.27
Otomanguean,Overall.Run3,spa,zat,True,facebook/nllb-200-distilled-600M,spa-sparvg,zat-zatNTps,,,14000,28.80,56.09,50.47,67.79,44.34,18000,29.32,55.95,49.11,66.49,45.20
Otomanguean,Overall.Run4,spa,zat,True,facebook/nllb-200-distilled-600M,spa-sparvg,zat-zatNTps,,,6000,28.33,55.45,49.66,66.68,44.04,10000,27.72,56.56,50.96,69.07,43.68
Otomanguean,Overall.Run5,spa,zat,True,facebook/nllb-200-distilled-600M,spa-sparvg,zat-zatNTps,,,22000,27.11,56.43,50.90,68.63,43.75,26000,27.77,56.24,50.22,68.24,44.60
Otomanguean,PartialNT.Scenario1,spa,zat,True,facebook/nllb-200-distilled-600M,spa-sparvg,zat-zatNTps,,,15000,13.00,42.36,66.13,86.01,26.46,19000,12.93,42.90,67.03,87.08,26.37
Otomanguean,PartialNT.Scenario2,spa,zat,True,facebook/nllb-200-distilled-600M,spa-sparvg,zat-zatNTps,,,7000,15.59,47.11,63.70,81.87,30.87,11000,15.87,47.57,63.15,81.51,31.34
Otomanguean,PartialNT.Scenario3,spa,zat,True,facebook/nllb-200-distilled-600M,spa-sparvg,zat-zatNTps,,,13000,21.25,52.06,58.41,75.82,37.11,16000,21.04,52.47,59.39,77.21,36.71
Otomanguean,RelatedLanguage.PartialNT.Scenario1.PeekAhead,spa,zat,True,facebook/nllb-200-distilled-600M,spa-sparvg,zat-zatNTps,spa-sparvg,zad-zadNT,8000,11.24,41.83,71.38,92.25,23.36,12000,11.65,42.15,69.99,90.83,24.19
Otomanguean,RelatedLanguage.PartialNT.Scenario2.PeekAhead,spa,zat,True,facebook/nllb-200-distilled-600M,spa-sparvg,zat-zatNTps,spa-sparvg,zad-zadNT,13000,15.07,47.48,65.40,84.36,30.26,17000,15.57,48.07,65.38,83.94,30.61
Otomanguean,RelatedLanguage.PartialNT.Scenario3.PeekAhead,spa,zat,True,facebook/nllb-200-distilled-600M,spa-sparvg,zat-zatNTps,spa-sparvg,zad-zadNT,15000,21.61,52.85,58.95,77.14,37.21,19000,20.51,53.19,61.81,80.71,35.81
Otomanguean,RelatedLanguage2.PartialNT.Scenario1.PeekAhead,spa,zat,True,facebook/nllb-200-distilled-600M,spa-sparvg,zat-zatNTps,spa-sparvg,zsr-zsrNT,17000,12.91,43.52,67.78,88.23,25.79,21000,13.10,43.37,67.01,87.58,26.11
Otomanguean,RelatedLanguage2.PartialNT.Scenario2.PeekAhead,spa,zat,True,facebook/nllb-200-distilled-600M,spa-sparvg,zat-zatNTps,spa-sparvg,zsr-zsrNT,10000,15.37,47.93,65.57,84.25,30.19,14000,15.57,48.32,65.59,84.67,30.48
Otomanguean,RelatedLanguage2.PartialNT.Scenario3.PeekAhead,spa,zat,True,facebook/nllb-200-distilled-600M,spa-sparvg,zat-zatNTps,spa-sparvg,zsr-zsrNT,15000,22.92,54.47,57.24,74.59,38.37,19000,22.26,54.85,58.33,76.63,37.86
Otomanguean,RelatedLanguage3.PartialNT.Scenario2.PeekAhead,spa,zat,True,facebook/nllb-200-distilled-600M,spa-sparvg,zat-zatNTps,spa-sparvg,ztq-ztqNT,14000,15.02,47.00,65.45,84.00,29.87,18000,14.75,46.92,65.42,84.20,29.96
Otomanguean,RelatedLanguage4.PartialNT.Scenario2.PeekAhead,spa,zat,True,facebook/nllb-200-distilled-600M,spa-sparvg,zat-zatNTps,spa-sparvg,zty-ztyNTps,10000,15.66,47.48,64.25,82.93,30.65,13000,14.48,48.61,69.33,89.86,28.76
Otomanguean,RelatedLanguage5.PartialNT.Scenario2.PeekAhead,spa,zat,True,facebook/nllb-200-distilled-600M,spa-sparvg,zat-zatNTps,spa-sparvg,zaw-zawNT,8000,14.86,47.19,66.47,85.70,29.33,12000,14.70,47.66,67.01,86.76,29.25
Otomanguean,RelatedLanguage6.PartialNT.Scenario2.PeekAhead,spa,zat,True,facebook/nllb-200-distilled-600M,spa-sparvg,zat-zatNTps,spa-sparvg,zas-zasNT,14000,14.82,48.37,68.11,87.54,29.42,18000,14.88,48.66,68.64,88.12,29.43
Otomanguean,RelatedLanguage7.PartialNT.Scenario2.PeekAhead,spa,zat,True,facebook/nllb-200-distilled-600M,spa-sparvg,zat-zatNTps,spa-sparvg,cya-cya,8000,14.81,46.68,65.93,84.97,29.33,12000,15.04,46.72,64.49,83.09,30.07
Otomanguean,RelatedLanguage8.PartialNT.Scenario2.PeekAhead,spa,zat,True,facebook/nllb-200-distilled-600M,spa-sparvg,zat-zatNTps,spa-sparvg,zpm-zpmNT,14000,14.76,47.36,67.15,85.89,29.34,18000,14.64,47.45,67.35,86.38,29.39
Otomanguean,RelatedLanguage9.PartialNT.Scenario2.PeekAhead,spa,zat,True,facebook/nllb-200-distilled-600M,spa-sparvg,zat-zatNTps,spa-sparvg,zab-zabNT,19000,15.64,47.93,64.94,83.91,30.69,22000,15.07,48.49,67.51,86.98,29.66
Otomanguean,SourceText.Greek.Scenario1,grc,zat,True,facebook/nllb-200-distilled-600M,grc-grcsbl,zat-zatNTps,,,10000,9.02,37.38,75.39,95.31,20.04,12000,9.06,37.02,74.41,94.59,20.22
Otomanguean,SourceText.Greek.Scenario2,grc,zat,True,facebook/nllb-200-distilled-600M,grc-grcsbl,zat-zatNTps,,,14000,12.27,43.04,69.31,88.15,26.11,18000,12.30,43.43,70.01,89.06,26.01
Otomanguean,SourceText.Greek.Scenario3,grc,zat,True,facebook/nllb-200-distilled-600M,grc-grcsbl,zat-zatNTps,,,6000,17.36,47.95,64.66,83.52,31.83,10000,17.24,49.27,66.63,85.84,31.44
Sino-Tibetan,Overall.Run1,npi,taj,True,facebook/nllb-200-distilled-600M,npi-npiulb,taj-taj,,,15000,31.45,57.87,52.02,63.98,49.45,19000,30.55,58.45,53.48,65.85,48.19
Sino-Tibetan,Overall.Run1.NLLB-distilled-1.3B,npi,taj,True,facebook/nllb-200-distilled-1.3B,npi-npiulb,taj-taj,,,24000,33.09,59.89,52.10,62.30,51.02,28000,33.54,59.69,50.18,60.63,51.97
Sino-Tibetan,Overall.Run1.NMT.1-1,npi,taj,True,SILTransformerBase,npi-npiulb,taj-taj,,,4000,10.19,37.55,68.31,87.08,26.11,8000,10.78,38.82,67.13,85.13,27.97
Sino-Tibetan,Overall.Run2,npi,taj,True,facebook/nllb-200-distilled-600M,npi-npiulb,taj-taj,,,14000,30.49,58.86,51.65,65.75,48.51,18000,30.90,58.44,50.62,64.16,48.92
Sino-Tibetan,Overall.Run2.NMT.1-1,npi,taj,True,SILTransformerBase,npi-npiulb,taj-taj,,,5000,8.92,37.06,66.88,86.83,26.46,8000,9.40,36.57,66.12,86.00,26.03
Sino-Tibetan,Overall.Run3,npi,taj,True,facebook/nllb-200-distilled-600M,npi-npiulb,taj-taj,,,14000,34.19,59.86,48.81,60.94,52.02,17000,33.46,60.36,50.44,62.08,50.82
Sino-Tibetan,Overall.Run3.NMT.1-1,npi,taj,True,SILTransformerBase,npi-npiulb,taj-taj,,,5000,10.50,38.45,66.07,85.37,27.92,9000,10.29,37.93,63.98,83.48,26.93
Sino-Tibetan,Overall.Run4,npi,taj,True,facebook/nllb-200-distilled-600M,npi-npiulb,taj-taj,,,15000,30.45,58.35,50.16,63.61,48.66,,,,,,
Sino-Tibetan,Overall.Run4.NMT.1-1,npi,taj,True,SILTransformerBase,npi-npiulb,taj-taj,,,10000,8.40,36.72,69.68,88.12,25.30,14000,8.10,35.89,68.29,87.23,24.40
Sino-Tibetan,Overall.Run5,npi,taj,True,facebook/nllb-200-distilled-600M,npi-npiulb,taj-taj,,,11000,32.44,58.92,50.45,63.88,50.57,15000,32.20,58.89,51.55,64.42,50.12
Sino-Tibetan,Overall.Run5.NMT.1-1,npi,taj,True,SILTransformerBase,npi-npiulb,taj-taj,,,3000,10.69,37.35,66.50,85.20,26.51,7000,11.22,36.92,65.63,84.05,26.21
Sino-Tibetan,PartialNT.Scenario1,npi,taj,True,facebook/nllb-200-distilled-600M,npi-npiulb,taj-taj,,,14000,18.48,46.32,61.65,79.91,35.28,18000,18.03,46.32,62.45,81.10,34.76
Sino-Tibetan,PartialNT.Scenario2,npi,taj,True,facebook/nllb-200-distilled-600M,npi-npiulb,taj-taj,,,12000,18.51,48.20,61.92,77.92,36.81,16000,18.68,48.17,61.58,77.58,37.06
Sino-Tibetan,PartialNT.Scenario3,npi,taj,True,facebook/nllb-200-distilled-600M,npi-npiulb,taj-taj,,,15000,23.29,52.41,57.91,72.41,41.95,,,,,,
Sino-Tibetan,RelatedLanguage.PartialNT.Scenario1.PeekAhead,npi,taj,True,facebook/nllb-200-distilled-600M,npi-npiulb,taj-taj,npi-npiulb,lif-lifNT,17000,17.33,45.55,63.48,82.76,33.75,21000,17.43,45.29,63.37,82.25,33.89
Sino-Tibetan,RelatedLanguage.PartialNT.Scenario2.PeekAhead,npi,taj,True,facebook/nllb-200-distilled-600M,npi-npiulb,taj-taj,npi-npiulb,lif-lifNT,12000,18.04,47.98,63.22,79.58,35.96,16000,17.99,48.86,64.90,80.81,35.56
Sino-Tibetan,RelatedLanguage.PartialNT.Scenario3.PeekAhead,npi,taj,True,facebook/nllb-200-distilled-600M,npi-npiulb,taj-taj,npi-npiulb,lif-lifNT,13000,22.75,52.59,58.90,74.39,41.08,17000,22.70,52.43,58.80,74.01,40.79
Sino-Tibetan,RelatedLanguage2.PartialNT.Scenario1.PeekAhead,npi,taj,True,facebook/nllb-200-distilled-600M,npi-npiulb,taj-taj,npi-npiulb,suz-suzBl,15000,15.90,45.06,66.75,86.05,31.40,19000,16.21,44.83,66.20,85.20,31.82
Sino-Tibetan,RelatedLanguage2.PartialNT.Scenario2.PeekAhead,npi,taj,True,facebook/nllb-200-distilled-600M,npi-npiulb,taj-taj,npi-npiulb,suz-suzBl,8000,17.82,47.36,62.95,79.32,36.04,12000,17.78,47.80,63.32,79.77,35.94
Sino-Tibetan,RelatedLanguage2.PartialNT.Scenario3.PeekAhead,npi,taj,True,facebook/nllb-200-distilled-600M,npi-npiulb,taj-taj,npi-npiulb,lif-lifNT,16000,23.41,52.06,57.26,71.86,42.07,20000,20.63,51.70,63.41,78.53,38.25
Sino-Tibetan,RelatedLanguage3.PartialNT.Scenario2.PeekAhead,npi,taj,True,facebook/nllb-200-distilled-600M,npi-npiulb,taj-taj,npi-npiulb,cth-cth,14000,17.22,47.80,65.69,81.89,34.61,22000,29.62,55.23,54.09,68.50,45.39
Sino-Tibetan,RelatedLanguage4.PartialNT.Scenario2.PeekAhead,npi,taj,True,facebook/nllb-200-distilled-600M,npi-npiulb,taj-taj,npi-npiulb,tcz-tczchongthu,13000,16.78,47.52,66.03,82.67,34.40,,,,,,
Sino-Tibetan,RelatedLanguage5.PartialNT.Scenario2.PeekAhead,npi,taj,True,facebook/nllb-200-distilled-600M,npi-npiulb,taj-taj,npi-npiulb,zyp-zypNT,16000,17.52,47.78,64.73,80.97,35.29,20000,17.09,48.05,65.63,82.33,34.65
Sino-Tibetan,SourceText.Greek.Scenario1,grc,taj,True,facebook/nllb-200-distilled-600M,grc-grcsbl,taj-taj,,,19000,13.36,38.98,69.41,89.07,27.33,,,,,,
Sino-Tibetan,SourceText.Greek.Scenario2,grc,taj,True,facebook/nllb-200-distilled-600M,grc-grcsbl,taj-taj,,,14000,14.77,43.86,66.55,83.78,31.51,18000,14.69,43.96,67.10,84.01,31.30
Sino-Tibetan,SourceText.Greek.Scenario3,grc,taj,True,facebook/nllb-200-distilled-600M,grc-grcsbl,taj-taj,,,9000,20.16,48.17,59.93,75.24,38.07,13000,19.85,49.86,62.25,78.31,37.40
Tagalog,Overall.Run1,ilo,tgl,False,facebook/nllb-200-distilled-600M,ilo-iloulb,tgl-tglulb,,,,,,,,,,,,,,
Tagalog,Overall.Run1.NLLB-distilled-1.3B,ilo,tgl,False,facebook/nllb-200-distilled-1.3B,ilo-iloulb,tgl-tglulb,,,,,,,,,,,,,,
Trans-NewGuinea,Overall.Run1,tpi,yut,True,facebook/nllb-200-distilled-600M,tpi-tpiOTNT,yut-yut,,,25000,31.64,60.06,47.95,61.56,48.97,29000,32.11,61.35,47.95,61.46,49.25
Trans-NewGuinea,Overall.Run1.Pair2,mps,ppo,False,facebook/nllb-200-distilled-600M,mps-mps,ppo-ppo,,,,,,,,,,,,,,
Trans-NewGuinea,Overall.Run2,tpi,yut,True,facebook/nllb-200-distilled-600M,tpi-tpiOTNT,yut-yut,,,17000,30.65,58.79,47.02,61.89,48.77,21000,31.33,59.17,46.77,61.84,48.96
Trans-NewGuinea,Overall.Run2.Pair2,mps,ppo,False,facebook/nllb-200-distilled-600M,mps-mps,ppo-ppo,,,,,,,,,,,,,,
Trans-NewGuinea,Overall.Run3,tpi,yut,True,facebook/nllb-200-distilled-600M,tpi-tpiOTNT,yut-yut,,,13000,32.45,60.18,48.00,61.35,49.28,15000,32.25,60.88,49.55,62.58,48.83
Trans-NewGuinea,Overall.Run3.Pair2,mps,ppo,False,facebook/nllb-200-distilled-600M,mps-mps,ppo-ppo,,,,,,,,,,,,,,
Trans-NewGuinea,Overall.Run4,tpi,yut,True,facebook/nllb-200-distilled-600M,tpi-tpiOTNT,yut-yut,,,22000,32.34,60.87,48.94,62.15,49.98,25000,33.18,60.69,47.15,60.63,50.82
Trans-NewGuinea,Overall.Run4.Pair2,mps,ppo,False,facebook/nllb-200-distilled-600M,mps-mps,ppo-ppo,,,,,,,,,,,,,,
Trans-NewGuinea,Overall.Run5,tpi,yut,True,facebook/nllb-200-distilled-600M,tpi-tpiOTNT,yut-yut,,,15000,31.31,58.87,48.95,61.01,49.02,,,,,,
Trans-NewGuinea,Overall.Run5.Pair2,mps,ppo,False,facebook/nllb-200-distilled-600M,mps-mps,ppo-ppo,,,,,,,,,,,,,,
Trans-NewGuinea,PartialNT.Scenario1,tpi,yut,True,facebook/nllb-200-distilled-600M,tpi-tpiOTNT,yut-yut,,,12000,15.00,41.16,63.03,80.19,29.51,16000,15.27,41.51,62.35,79.50,30.04
Trans-NewGuinea,PartialNT.Scenario2,tpi,yut,True,facebook/nllb-200-distilled-600M,tpi-tpiOTNT,yut-yut,,,11000,17.83,48.36,57.31,72.97,36.88,15000,18.13,49.19,58.21,73.96,36.52
Trans-NewGuinea,PartialNT.Scenario2_reverse,yut,tpi,True,facebook/nllb-200-distilled-600M,yut-yut,tpi-tpiOTNT,,,13000,29.21,53.08,56.12,65.29,29.65,17000,29.58,53.66,55.68,64.91,30.04
Trans-NewGuinea,PartialNT.Scenario3,tpi,yut,True,facebook/nllb-200-distilled-600M,tpi-tpiOTNT,yut-yut,,,17000,23.43,54.73,53.93,68.67,42.16,19000,23.57,54.48,53.31,67.91,42.60
Trans-NewGuinea,PartialNT2.Scenario2,mps,ppo,True,facebook/nllb-200-distilled-600M,mps-mps,ppo-ppo,,,15000,4.66,37.66,89.78,110.10,13.26,19000,4.84,37.62,88.71,109.14,13.54
Trans-NewGuinea,PartialNT2.Scenario2_reverse,ppo,mps,True,facebook/nllb-200-distilled-600M,ppo-ppo,mps-mps,,,18000,6.73,36.10,74.34,89.92,12.13,22000,6.95,36.61,74.96,90.78,12.44
Trans-NewGuinea,PartialNT3.Scenario2,beo,taw,True,facebook/nllb-200-distilled-600M,beo-beo,taw-taw,,,24000,7.43,34.67,77.37,94.71,24.57,26000,7.45,35.19,78.58,96.18,24.25
Trans-NewGuinea,PartialNT3.Scenario2_reverse,taw,beo,True,facebook/nllb-200-distilled-600M,taw-taw,beo-beo,,,11000,11.81,38.05,180.21,98.20,14.67,15000,11.52,39.85,193.16,104.77,14.35
Trans-NewGuinea,PartialNT4.Scenario2,hui,kyc,True,facebook/nllb-200-distilled-600M,hui-hui,kyc-kyc,,,23000,4.02,41.78,81.71,107.65,10.60,27000,4.19,42.15,82.21,107.32,10.86
Trans-NewGuinea,PartialNT4.Scenario2_reverse,kyc,hui,True,facebook/nllb-200-distilled-600M,kyc-kyc,hui-hui,,,10000,4.69,38.31,75.43,99.21,13.99,14000,4.75,39.65,76.32,100.72,14.02
Trans-NewGuinea,PartialNT5.Scenario2,kjs,ssx,True,facebook/nllb-200-distilled-600M,kjs-kjs,ssx-ssx,,,23000,3.16,45.52,80.43,106.81,19.90,,,,,,
Trans-NewGuinea,PartialNT5.Scenario2_reverse,ssx,kjs,True,facebook/nllb-200-distilled-600M,ssx-ssx,kjs-kjs,,,7000,3.79,37.24,72.21,95.05,12.89,10000,3.99,38.85,74.50,97.32,12.73
Trans-NewGuinea,PartialNT6.Scenario2,hui,enq,True,facebook/nllb-200-distilled-600M,hui-hui,enq-enq,,,28000,5.57,44.51,74.86,99.26,12.95,29000,5.59,44.60,74.76,99.18,13.02
Trans-NewGuinea,PartialNT6.Scenario2_reverse,enq,hui,True,facebook/nllb-200-distilled-600M,enq-enq,hui-hui,,,15000,5.39,42.06,76.48,101.30,15.12,16000,5.37,41.97,76.55,101.36,15.15
Trans-NewGuinea,PartialNT7.Scenario2,hui,ssx,True,facebook/nllb-200-distilled-600M,hui-hui,ssx-ssx,,,21000,3.96,45.27,71.50,98.25,22.53,,,,,,
Trans-NewGuinea,PartialNT7.Scenario2_reverse,ssx,hui,True,facebook/nllb-200-distilled-600M,ssx-ssx,hui-hui,,,20000,5.54,41.54,75.55,99.38,15.39,24000,5.53,41.34,75.93,100.28,15.24
Trans-NewGuinea,PartialNT8.Scenario2,hui,ipi,True,facebook/nllb-200-distilled-600M,hui-hui,ipi-ipi,,,20000,7.38,46.42,80.59,101.44,15.93,24000,7.57,46.48,79.95,100.36,16.23
Trans-NewGuinea,PartialNT8.Scenario2_reverse,ipi,hui,True,facebook/nllb-200-distilled-600M,ipi-ipi,hui-hui,,,20000,4.83,39.63,78.38,101.41,14.25,24000,4.69,40.54,81.27,103.79,14.04
Trans-NewGuinea,RelatedLanguage.PartialNT.Scenario1.PeekAhead,tpi,yut,True,facebook/nllb-200-distilled-600M,tpi-tpiOTNT,yut-yut,tpi-tpiOTNT,nca-nca,30000,14.55,40.53,64.99,82.44,27.86,34000,14.27,40.95,66.73,84.26,27.18
Trans-NewGuinea,RelatedLanguage.PartialNT.Scenario2.PeekAhead,tpi,yut,True,facebook/nllb-200-distilled-600M,tpi-tpiOTNT,yut-yut,tpi-tpiOTNT,nca-nca,13000,16.23,47.99,61.26,77.69,33.94,17000,16.47,48.66,62.02,78.28,34.05
Trans-NewGuinea,RelatedLanguage.PartialNT.Scenario3.PeekAhead,tpi,yut,True,facebook/nllb-200-distilled-600M,tpi-tpiOTNT,yut-yut,tpi-tpiOTNT,nca-nca,16000,21.52,52.90,55.35,70.41,40.65,20000,21.34,53.39,56.09,71.10,40.43
Trans-NewGuinea,RelatedLanguage2.PartialNT.Scenario1.PeekAhead,tpi,yut,True,facebook/nllb-200-distilled-600M,tpi-tpiOTNT,yut-yut,tpi-tpiOTNT,nop-nop,16000,13.45,39.57,66.63,84.29,26.38,20000,13.47,39.50,66.69,84.47,26.31
Trans-NewGuinea,RelatedLanguage2.PartialNT.Scenario2.PeekAhead,tpi,yut,True,facebook/nllb-200-distilled-600M,tpi-tpiOTNT,yut-yut,tpi-tpiOTNT,nop-nop,19000,16.68,49.93,62.06,78.54,34.38,23000,16.34,50.22,63.94,80.23,33.56
Trans-NewGuinea,RelatedLanguage2.PartialNT.Scenario3.PeekAhead,tpi,yut,True,facebook/nllb-200-distilled-600M,tpi-tpiOTNT,yut-yut,tpi-tpiOTNT,nop-nop,13000,20.49,51.94,57.10,72.70,39.16,17000,19.60,52.53,58.73,74.38,38.34
Trans-NewGuinea,RelatedLanguage3.PartialNT.Scenario2.PeekAhead,tpi,yut,True,facebook/nllb-200-distilled-600M,tpi-tpiOTNT,yut-yut,tpi-tpiOTNT,yuw-yuw,10000,15.89,47.92,62.20,78.46,33.31,14000,15.98,48.68,62.75,79.13,33.45
Trans-NewGuinea,RelatedLanguage4.PartialNT.Scenario2.PeekAhead,tpi,yut,True,facebook/nllb-200-distilled-600M,tpi-tpiOTNT,yut-yut,tpi-tpiOTNT,iou-iou,22000,16.72,47.83,60.23,76.29,34.78,,,,,,
Trans-NewGuinea,RelatedLanguage5.PartialNT.Scenario2.PeekAhead,tpi,yut,True,facebook/nllb-200-distilled-600M,tpi-tpiOTNT,yut-yut,tpi-tpiOTNT,rwo-rwo-karo,25000,17.08,48.53,59.61,75.60,35.51,29000,17.37,48.55,59.30,75.06,35.69
Trans-NewGuinea,RelatedLanguage6.PartialNT.Scenario2.PeekAhead,tpi,yut,True,facebook/nllb-200-distilled-600M,tpi-tpiOTNT,yut-yut,tpi-tpiOTNT,rwo-rwo-rawa,27000,16.88,48.96,60.34,76.87,34.95,31000,17.17,49.36,60.77,76.66,35.01
Trans-NewGuinea,RelatedLanguage7.PartialNT.Scenario2.PeekAhead,tpi,yut,True,facebook/nllb-200-distilled-600M,tpi-tpiOTNT,yut-yut,tpi-tpiOTNT,wnc-wnc,12000,15.71,47.56,62.46,79.08,32.99,16000,15.33,48.40,64.29,81.42,32.27
Trans-NewGuinea,RelatedLanguage8.PartialNT.Scenario2.PeekAhead,tpi,yut,True,facebook/nllb-200-distilled-600M,tpi-tpiOTNT,yut-yut,tpi-tpiOTNT,dah-dah,15000,15.09,47.83,63.96,80.79,32.33,19000,15.63,48.38,63.55,80.08,33.02
Trans-NewGuinea,RelatedLanguage9.PartialNT.Scenario2.PeekAhead,tpi,yut,True,facebook/nllb-200-distilled-600M,tpi-tpiOTNT,yut-yut,tpi-tpiOTNT,uvh-uvh,14000,15.93,47.34,61.01,77.41,33.83,18000,15.95,47.74,61.21,77.58,34.00
Trans-NewGuinea,SourceText.Greek.Scenario1,grc,yut,True,facebook/nllb-200-distilled-600M,grc-grcsbl,yut-yut,,,11000,9.60,33.41,72.69,90.51,21.35,12000,9.46,33.79,73.81,91.54,20.93
Trans-NewGuinea,SourceText.Greek.Scenario2,grc,yut,True,facebook/nllb-200-distilled-600M,grc-grcsbl,yut-yut,,,11000,9.57,38.57,70.72,88.12,24.79,,,,,,
Trans-NewGuinea,SourceText.Greek.Scenario3,grc,yut,True,facebook/nllb-200-distilled-600M,grc-grcsbl,yut-yut,,,9000,13.67,42.78,64.84,80.44,31.23,13000,14.01,44.11,66.54,82.78,30.80
Written by F:/GitHub/davidbaines/textinfo/python/summarize_scores_multi.py,,,,,,,,,,,,,,,,,,,,,
